{
    "nqubits": 3,
    "nlayers": 5,
    "optimizer": "BFGS",
    "best_loss": -2.499999999999799,
    "best_params": [
        0.22017063822679747,
        -0.15868250262481567,
        0.590432426407831,
        1.3620696500220668,
        -0.5591875862235216,
        -0.2913930021359894,
        1.2746058862405052,
        0.4424001354406265,
        -0.6636198718972203,
        0.49311074957725526,
        -0.5097308916856168,
        -0.6598751637967759,
        0.21536755872595728,
        -1.959593341049146,
        -1.451705287409513,
        -0.8284875106317464,
        -1.6546038483980552,
        0.5874599876287876,
        -0.7020971432423255,
        -2.054076123373841,
        1.1021124058805694,
        0.08118332194723611,
        -0.08911802129589964,
        -1.7882846058308934,
        0.010931322304470333,
        -0.04572372031044585,
        -1.2700364645803175,
        0.04911962248242139,
        -0.8790942539830008,
        -0.4107365353076769,
        0.014288540894246275,
        1.5738224784303156,
        -0.37187874097260554
    ],
    "success": true,
    "message": "Optimization terminated successfully."
}