{
    "nqubits": 3,
    "nlayers": 2,
    "optimizer": "BFGS",
    "best_loss": -2.4999999999999565,
    "best_params": [
        0.5731922072900045,
        0.10917430300692749,
        0.2342472605326274,
        1.6320437881720606,
        0.9250869939112188,
        -0.6475782137603594,
        1.105475690156967,
        1.9266752615878289,
        -0.8637830285647531,
        -1.399759203793151,
        -1.2648487569458637,
        -0.8600384052914284,
        0.23373077936991604,
        -2.714711237858808,
        -1.7409551185565972
    ],
    "success": true,
    "message": "Optimization terminated successfully."
}