{
    "nqubits": 3,
    "nlayers": 4,
    "optimizer": "BFGS",
    "best_loss": -2.4999999999936353,
    "best_params": [
        0.6236949091704058,
        -0.2729507022228795,
        0.4600578651344923,
        1.6509437933632223,
        -0.47761673384384223,
        -0.42176749324822727,
        1.5216117868749297,
        0.5239712232948897,
        -0.6337206033982622,
        0.6019086538937722,
        -0.6093021437245277,
        -0.6299762995066513,
        0.2972599217889284,
        -2.0591647335018197,
        -1.4933413477653148,
        -0.3591908303072423,
        -1.1874897950466958,
        0.5458238216321353,
        -0.3922371434059877,
        -1.586962319935842,
        1.2035355420548872,
        0.3711960736566123,
        0.07636693602401769,
        -1.6868615170674124,
        -0.11827942477366236,
        0.11976135300368518,
        -1.3952901251085648
    ],
    "success": true,
    "message": "Optimization terminated successfully."
}