{
    "shots": 1000,
    "observables": {
        "XX": -3.0812240639999997,
        "YY": -1.96724834,
        "ZZ": -1.272256812
    },
    "total_expectation_energy": -6.320729216
}