{
    "shots": 1000,
    "observables": {
        "XX": -2.7795153800000003,
        "YY": -2.7820648959999996,
        "ZZ": -1.180009208
    },
    "total_expectation_energy": -6.741589484
}