{
    "nqubits": 3,
    "nlayers": 3,
    "optimizer": "BFGS",
    "best_loss": -2.499999999998775,
    "best_params": [
        0.6410386110042507,
        -0.41046428179387423,
        0.9802637593697612,
        1.600192853183921,
        -0.43266029442377046,
        0.09843816582650139,
        1.7461384823904844,
        0.5689279598268309,
        -0.28978774351323666,
        0.7156626237970526,
        -0.1809609146970528,
        -0.28604323592572817,
        0.0028706721929158837,
        -1.6308235450505488,
        -2.1750805542936713,
        -0.19986696184091643,
        -1.0869556838781813,
        -0.13591534414549644,
        -0.9863250685108493,
        -1.4864282264790165,
        1.3297537995241915
    ],
    "success": true,
    "message": "Optimization terminated successfully."
}