{
    "nqubits": 3,
    "nlayers": 6,
    "optimizer": "BFGS",
    "best_loss": -2.4999999999966813,
    "best_params": [
        0.5815515532740486,
        -0.4377008151143164,
        0.7243846693419356,
        1.625491780042669,
        -0.6293322469786325,
        -0.15744060100419852,
        1.7836413895803922,
        0.37225582154479936,
        -0.18293468851733805,
        0.7384400319051281,
        -0.3981593281783604,
        -0.17919005637474958,
        0.0699617497577878,
        -1.848021848558978,
        -1.9463297991344808,
        -0.2935109807681281,
        -1.3067693841976022,
        0.09283538166515311,
        -0.7256315893547426,
        -1.7062418507771728,
        1.2807434644388984,
        -0.13266877587452272,
        0.05990905489412142,
        -1.6096534794836916,
        -0.488398222701476,
        0.10330345072380986,
        -1.6042243748642704,
        0.5412458813853225,
        -0.7748101157873327,
        -0.7449248376296185,
        -0.6637229390225647,
        1.6781066251258405,
        -0.01585775887124753,
        -0.8982506357539287,
        0.8424290546762148,
        -1.2232041409976926,
        -0.21768450955873006,
        -1.9397858443198717,
        -1.4752913026752301
    ],
    "success": true,
    "message": "Optimization terminated successfully."
}